maf	map	mar	mif	mip	mir	avgf	avgp	avgr
0.5397287287968715	0.5689474776638486	0.5200001195571603	0.8377921505218286	0.8377921505218286	0.8377921505218286	0.821401957639151	0.8130428530439784	0.8377921505218286
