maf	map	mar	mif	mip	mir	avgf	avgp	avgr
0.5321920638283327	0.576708851814487	0.5095723551077919	0.8319858885785683	0.8319858885785683	0.8319858885785683	0.8107355970958496	0.808200235928949	0.8319858885785683
