maf	map	mar	mif	mip	mir	avgf	avgp	avgr
0.730449948051032	0.7678694137023332	0.7011513120016413	0.8747611347934735	0.8747611347934735	0.8747611347934735	0.8697261018995351	0.8702178117705534	0.8747611347934735
