maf	map	mar	mif	mip	mir	avgf	avgp	avgr
0.7569881870134658	0.7920738333833125	0.729575547118182	0.8852712038806408	0.8852712038806408	0.8852712038806408	0.8807480428100792	0.8816443273561058	0.8852712038806408
