maf	map	mar	mif	mip	mir	avgf	avgp	avgr
0.793065961135022	0.797840141236584	0.7902108570371406	0.8982066735263853	0.8982066735263854	0.8982066735263854	0.8972721281431876	0.8970234914557007	0.8982066735263854
