maf	map	mar	mif	mip	mir	avgf	avgp	avgr
0.7680400387157046	0.7822879181117633	0.7560341613148311	0.8901955019844187	0.8901955019844187	0.8901955019844187	0.8883110114539726	0.8876532921441403	0.8901955019844187
