maf	map	mar	mif	mip	mir	avgf	avgp	avgr
0.6864702763383927	0.7803054676533734	0.6412466044622744	0.8790239600176393	0.8790239600176393	0.8790239600176393	0.871622125763002	0.8722359983332048	0.8790239600176393
