maf	map	mar	mif	mip	mir	avgf	avgp	avgr
0.5457092675742469	0.576109609517024	0.5249764317412747	0.846023813023666	0.846023813023666	0.846023813023666	0.8300574792771388	0.8218387721819954	0.846023813023666
