maf	map	mar	mif	mip	mir	avgf	avgp	avgr
0.5332609743006458	0.5586567320278474	0.5197473004436013	0.8293399970601205	0.8293399970601205	0.8293399970601205	0.8115709599182938	0.8044409804451089	0.8293399970601205
