maf	map	mar	mif	mip	mir	avgf	avgp	avgr
0.7412030566618276	0.7760008722082345	0.7187523826701139	0.8793179479641334	0.8793179479641334	0.8793179479641334	0.8734653502554187	0.8773523722741282	0.8793179479641334
