maf	map	mar	mif	mip	mir	avgf	avgp	avgr
0.7559738112327303	0.787005480167238	0.7309865451102134	0.8851242099073938	0.8851242099073938	0.8851242099073938	0.8813936600964859	0.8812127132923516	0.8851242099073938
