maf	map	mar	mif	mip	mir	avgf	avgp	avgr
0.6122916127955076	0.7775436491317621	0.5844876719338259	0.8768925474055563	0.8768925474055563	0.8768925474055563	0.8654753773259648	0.8681744812969289	0.8768925474055563
