maf	map	mar	mif	mip	mir	avgf	avgp	avgr
0.7858005935818457	0.7984199348594172	0.777698678345015	0.8972512127002793	0.8972512127002793	0.8972512127002793	0.8948419660051423	0.8953119760938627	0.8972512127002793
