maf	map	mar	mif	mip	mir	avgf	avgp	avgr
0.7620656054269387	0.7726313690491429	0.7587467624972395	0.8896810230780537	0.8896810230780537	0.8896810230780537	0.8869752367784305	0.8878136030794866	0.8896810230780537
