maf	map	mar	mif	mip	mir	avgf	avgp	avgr
0.5358841826913189	0.5714444206010673	0.5140821729646722	0.8363222107893576	0.8363222107893576	0.8363222107893576	0.8176547411766313	0.8108302801486529	0.8363222107893576
