maf	map	mar	mif	mip	mir	avgf	avgp	avgr
0.5417377534603576	0.5596735472990534	0.528167478769748	0.8297809789798618	0.8297809789798618	0.8297809789798618	0.81688668407512	0.8078202495684038	0.8297809789798618
