maf	map	mar	mif	mip	mir	avgf	avgp	avgr
0.7576330281278607	0.7893992005876176	0.7344732214562883	0.8843892400411583	0.8843892400411583	0.8843892400411583	0.87952122585951	0.8815208715306642	0.8843892400411583
