maf	map	mar	mif	mip	mir	avgf	avgp	avgr
0.7531604742399218	0.7945669284182557	0.7200899463437453	0.8853447008672645	0.8853447008672645	0.8853447008672645	0.8810969415139576	0.8809260918904228	0.8853447008672645
