maf	map	mar	mif	mip	mir	avgf	avgp	avgr
0.6946203730974672	0.8110893935214766	0.6417611562244746	0.8794649419373806	0.8794649419373806	0.8794649419373806	0.8714146786457485	0.873798348672895	0.8794649419373806
