maf	map	mar	mif	mip	mir	avgf	avgp	avgr
0.7600762203219762	0.7720527986374799	0.7501131683442004	0.8887990592385712	0.8887990592385712	0.8887990592385712	0.8867172665476529	0.8860835238306205	0.8887990592385712
