maf	map	mar	mif	mip	mir	avgf	avgp	avgr
0.7844440124843162	0.7994073592557503	0.77421182697582	0.8969572247537853	0.8969572247537851	0.8969572247537851	0.894587240600597	0.8947607868665268	0.8969572247537851
