maf	map	mar	mif	mip	mir	avgf	avgp	avgr
0.5487459685816102	0.5804311269152893	0.5272360842107501	0.8455093341173012	0.8455093341173012	0.8455093341173012	0.8296825351921636	0.8221076813097072	0.8455093341173012
