maf	map	mar	mif	mip	mir	avgf	avgp	avgr
0.5277048449616377	0.5775211025550473	0.5050172605115099	0.8294134940467442	0.8294134940467441	0.8294134940467441	0.8063492315605271	0.8061881600478888	0.8294134940467441
