maf	map	mar	mif	mip	mir	avgf	avgp	avgr
0.7357400487493111	0.7808156360451497	0.7033015253890322	0.8818903424959577	0.8818903424959577	0.8818903424959577	0.8757179651006308	0.8787296208043042	0.8818903424959577
