maf	map	mar	mif	mip	mir	avgf	avgp	avgr
0.7621132263177672	0.7948840661106307	0.7354345822714582	0.8859326767602528	0.8859326767602528	0.8859326767602528	0.882296047592906	0.8819583069436084	0.8859326767602528
