maf	map	mar	mif	mip	mir	avgf	avgp	avgr
0.7926947837623144	0.8257614846625241	0.7657627857316971	0.9010730560047038	0.9010730560047038	0.9010730560047038	0.8978858029124451	0.8982672252260042	0.9010730560047038
