maf	map	mar	mif	mip	mir	avgf	avgp	avgr
0.7664013839575381	0.8041364542968239	0.7353542217383526	0.8887990592385712	0.8887990592385712	0.8887990592385712	0.8849507468416168	0.8847882229165906	0.8887990592385712
