maf	map	mar	mif	mip	mir	avgf	avgp	avgr
0.6909378882976409	0.7654074768854257	0.6457524966282131	0.8782889901514037	0.8782889901514038	0.8782889901514038	0.8711529832334503	0.8710458887797426	0.8782889901514038
