maf	map	mar	mif	mip	mir	avgf	avgp	avgr
0.5297355856072226	0.5746012451218208	0.5072801786626779	0.8306629428193444	0.8306629428193444	0.8306629428193444	0.8093465621545117	0.8071610860449397	0.8306629428193444
