maf	map	mar	mif	mip	mir	avgf	avgp	avgr
0.5453309088753292	0.5811894820066973	0.5225872590148313	0.844553873291195	0.844553873291195	0.844553873291195	0.8268724517430772	0.8202995699298048	0.844553873291195
