maf	map	mar	mif	mip	mir	avgf	avgp	avgr
0.7624345922436286	0.7937489169433438	0.736438704813044	0.8868146405997352	0.8868146405997354	0.8868146405997354	0.8831042516935617	0.8829245588144158	0.8868146405997354
