maf	map	mar	mif	mip	mir	avgf	avgp	avgr
0.7404214737990604	0.7756869328919604	0.7174532981652705	0.8775540202851683	0.8775540202851683	0.8775540202851683	0.8723774764189948	0.8736393799286474	0.8775540202851683
