maf	map	mar	mif	mip	mir	avgf	avgp	avgr
0.6995945935629208	0.8076596794049719	0.6489481804577519	0.881669851536087	0.881669851536087	0.881669851536087	0.8745813282946306	0.8756330860757737	0.881669851536087
