maf	map	mar	mif	mip	mir	avgf	avgp	avgr
0.7638209319250293	0.7752063706465051	0.7545679566970303	0.8892400411583125	0.8892400411583125	0.8892400411583125	0.8872908736546206	0.8870710833227483	0.8892400411583125
