maf	map	mar	mif	mip	mir	avgf	avgp	avgr
0.7928575324293448	0.7865783845119722	0.801496234828764	0.8975452006467735	0.8975452006467735	0.8975452006467735	0.8977072639244426	0.8982772987037939	0.8975452006467735
