maf	map	mar	mif	mip	mir	avgf	avgp	avgr
0.5346071505188968	0.577132407655644	0.5122464723995653	0.8326473614581802	0.8326473614581802	0.8326473614581802	0.8120218783624932	0.8087104191041542	0.8326473614581802
