maf	map	mar	mif	mip	mir	avgf	avgp	avgr
0.5382961699396571	0.5595079668160113	0.5227969157795083	0.8338968102307805	0.8338968102307805	0.8338968102307805	0.8198113415051438	0.8105104591945568	0.8338968102307805
