maf	map	mar	mif	mip	mir	avgf	avgp	avgr
0.7376099905289208	0.7811108903542434	0.704266371189445	0.8810083786564751	0.8810083786564751	0.8810083786564751	0.8761700177886855	0.8767025775212693	0.8810083786564751
