maf	map	mar	mif	mip	mir	avgf	avgp	avgr
0.7579713726977407	0.7957516707767673	0.7286108752915903	0.885418197853888	0.885418197853888	0.885418197853888	0.8808200027177838	0.8817403003045763	0.885418197853888
