maf	map	mar	mif	mip	mir	avgf	avgp	avgr
0.7656926097446173	0.7767017119435852	0.7570153370976567	0.8893135381449361	0.8893135381449361	0.8893135381449361	0.8873382964175861	0.8872308713850517	0.8893135381449361
