maf	map	mar	mif	mip	mir	avgf	avgp	avgr
0.7911181288262494	0.8062846550701064	0.7774886636643528	0.8998236072321035	0.8998236072321035	0.8998236072321035	0.8981683213379162	0.8974989205833377	0.8998236072321035
