maf	map	mar	mif	mip	mir	avgf	avgp	avgr
0.6584842798009674	0.782001819969108	0.6249380437041294	0.8805673967367338	0.8805673967367338	0.8805673967367338	0.8726570736457562	0.8737932535697447	0.8805673967367338
