maf	map	mar	mif	mip	mir	avgf	avgp	avgr
0.5462120217455181	0.5751869073316959	0.5262293132902396	0.8462443039835367	0.8462443039835367	0.8462443039835367	0.8305716359916678	0.8221728791314247	0.8462443039835367
