maf	map	mar	mif	mip	mir	avgf	avgp	avgr
0.5359092946489764	0.5673927010639574	0.5151371320628393	0.8313244156989563	0.8313244156989563	0.8313244156989563	0.8145774055503489	0.8068801986808843	0.8313244156989563
