maf	map	mar	mif	mip	mir	avgf	avgp	avgr
0.7352064596220271	0.7793992920020186	0.703311671431052	0.8808613846832279	0.8808613846832279	0.8808613846832279	0.8762733018249134	0.8768197010996186	0.8808613846832279
