maf	map	mar	mif	mip	mir	avgf	avgp	avgr
0.7502748809365893	0.7879051413431164	0.7200282099285396	0.8830662942819344	0.8830662942819344	0.8830662942819344	0.8784797832983667	0.878473186253432	0.8830662942819344
