maf	map	mar	mif	mip	mir	avgf	avgp	avgr
0.7606224719706736	0.7877722628586418	0.7386081559485551	0.8889460532118183	0.8889460532118183	0.8889460532118183	0.8858041871863673	0.885874848767262	0.8889460532118183
