maf	map	mar	mif	mip	mir	avgf	avgp	avgr
0.617784883349197	0.8481199227534211	0.5897453092827893	0.8791709539908864	0.8791709539908864	0.8791709539908864	0.8679469769995246	0.875021542226849	0.8791709539908864
