maf	map	mar	mif	mip	mir	avgf	avgp	avgr
0.7861070928890332	0.7872356723603114	0.7890164477956377	0.8987946494193738	0.8987946494193738	0.8987946494193738	0.8975484223069503	0.8976605328674383	0.8987946494193738
