maf	map	mar	mif	mip	mir	avgf	avgp	avgr
0.5485245721420795	0.5809154695650756	0.5266695493226423	0.8456563280905481	0.8456563280905482	0.8456563280905482	0.829668488622399	0.822220815936999	0.8456563280905482
