maf	map	mar	mif	mip	mir	avgf	avgp	avgr
0.5266116363077831	0.5770874943136072	0.5036445671897957	0.8288255181537557	0.8288255181537557	0.8288255181537557	0.8055563810389547	0.8054909403098122	0.8288255181537557
