maf	map	mar	mif	mip	mir	avgf	avgp	avgr
0.7365892141485969	0.7806365096772911	0.7066066519732029	0.8805673967367338	0.8805673967367338	0.8805673967367338	0.8741016486473645	0.8784299732976453	0.8805673967367338
