maf	map	mar	mif	mip	mir	avgf	avgp	avgr
0.763407971795848	0.7966910759552601	0.7362600696372925	0.8859326767602528	0.8859326767602528	0.8859326767602528	0.8822447793357185	0.8818832166615438	0.8859326767602528
