maf	map	mar	mif	mip	mir	avgf	avgp	avgr
0.7261822188798899	0.8044828972551203	0.6767884510381236	0.8826988093488167	0.8826988093488167	0.8826988093488167	0.8763915639657055	0.8769880199000252	0.8826988093488167
