maf	map	mar	mif	mip	mir	avgf	avgp	avgr
0.7919647661947653	0.8229680422657256	0.7661286633278216	0.9004115831250918	0.9004115831250918	0.9004115831250918	0.8973876877103939	0.8975161094489238	0.9004115831250918
