maf	map	mar	mif	mip	mir	avgf	avgp	avgr
0.7737236196704037	0.8013208118326762	0.7506117459413745	0.891591944730266	0.891591944730266	0.891591944730266	0.8882247837821996	0.888080774681241	0.891591944730266
