maf	map	mar	mif	mip	mir	avgf	avgp	avgr
0.5292691047875995	0.5742932765197994	0.5067362821442709	0.8302954578862267	0.8302954578862267	0.8302954578862267	0.808814191319577	0.8065323938562007	0.8302954578862267
