maf	map	mar	mif	mip	mir	avgf	avgp	avgr
0.5441688393230066	0.5750274141462235	0.5239825021453869	0.8435984124650889	0.8435984124650889	0.8435984124650889	0.8267225523865399	0.819119548704665	0.8435984124650889
