maf	map	mar	mif	mip	mir	avgf	avgp	avgr
0.761373649352978	0.7929306079347023	0.7353315828440021	0.8868146405997352	0.8868146405997354	0.8868146405997354	0.8830661236358691	0.8829854228243679	0.8868146405997354
