maf	map	mar	mif	mip	mir	avgf	avgp	avgr
0.7351665061796346	0.7825027727802136	0.6997104399868448	0.8790974570042628	0.8790974570042628	0.8790974570042628	0.8740299356536129	0.8744192010249442	0.8790974570042628
