maf	map	mar	mif	mip	mir	avgf	avgp	avgr
0.6953879468350895	0.8051075326707131	0.6451929770403202	0.8818903424959577	0.8818903424959577	0.8818903424959577	0.8746417072994098	0.8756666938149434	0.8818903424959577
