maf	map	mar	mif	mip	mir	avgf	avgp	avgr
0.7893747005599565	0.792848316995495	0.7913795409229175	0.9000440981919742	0.9000440981919742	0.9000440981919742	0.8988036337762441	0.8990393384690653	0.9000440981919742
