maf	map	mar	mif	mip	mir	avgf	avgp	avgr
0.7653169962781512	0.7844654035289833	0.7486921529542411	0.8891665441716889	0.8891665441716889	0.8891665441716889	0.8866943409330493	0.8861393410501927	0.8891665441716889
