maf	map	mar	mif	mip	mir	avgf	avgp	avgr
0.5405684583229519	0.578694642498996	0.5176208767170843	0.8397765691606645	0.8397765691606645	0.8397765691606645	0.8209353892620561	0.8150873065920552	0.8397765691606645
