maf	map	mar	mif	mip	mir	avgf	avgp	avgr
0.5419680348518459	0.5591554315312666	0.5289865670888363	0.8298544759664854	0.8298544759664854	0.8298544759664854	0.8168822308189508	0.8077503062777904	0.8298544759664854
