maf	map	mar	mif	mip	mir	avgf	avgp	avgr
0.7465842275684442	0.7811953425092434	0.7193677225139967	0.8793179479641334	0.8793179479641334	0.8793179479641334	0.8747017671548627	0.875409654414581	0.8793179479641334
