maf	map	mar	mif	mip	mir	avgf	avgp	avgr
0.7553416886579281	0.7976823528085417	0.7216114450988755	0.8856386888137586	0.8856386888137586	0.8856386888137586	0.8812207545472911	0.8812138353390664	0.8856386888137586
