maf	map	mar	mif	mip	mir	avgf	avgp	avgr
0.756006518929945	0.7693002957336368	0.7446648905765315	0.8879905923857122	0.8879905923857122	0.8879905923857122	0.8858507849147848	0.8852394350473123	0.8879905923857122
