maf	map	mar	mif	mip	mir	avgf	avgp	avgr
0.6782209293673178	0.8160162264111803	0.6279510359242845	0.8785094811112745	0.8785094811112745	0.8785094811112745	0.8699358883057323	0.8726248336220139	0.8785094811112745
