maf	map	mar	mif	mip	mir	avgf	avgp	avgr
0.7827262065056372	0.8113166463472234	0.7592008551562506	0.8987946494193738	0.8987946494193738	0.8987946494193738	0.8955559939979356	0.8958307606196253	0.8987946494193738
