maf	map	mar	mif	mip	mir	avgf	avgp	avgr
0.5297027824376801	0.5595274094832816	0.5114366054799688	0.8260326326620608	0.8260326326620608	0.8260326326620608	0.8080364980856	0.8003559442815885	0.8260326326620608
