maf	map	mar	mif	mip	mir	avgf	avgp	avgr
0.5542945003836415	0.5804880381706662	0.5362557199245107	0.8485962075554903	0.8485962075554903	0.8485962075554903	0.8335676759441092	0.8258039515179797	0.8485962075554903
