maf	map	mar	mif	mip	mir	avgf	avgp	avgr
0.7443196652001283	0.7828525797304402	0.7144020007501483	0.8797589298838746	0.8797589298838747	0.8797589298838747	0.8753156242449973	0.8755112325478194	0.8797589298838747
