maf	map	mar	mif	mip	mir	avgf	avgp	avgr
0.7610821423793634	0.7967254728285562	0.7323726533035381	0.8860061737468763	0.8860061737468764	0.8860061737468764	0.8819418068861978	0.8819551188589735	0.8860061737468764
