maf	map	mar	mif	mip	mir	avgf	avgp	avgr
0.6846120923958052	0.7996996005495809	0.6359114753119794	0.8785094811112745	0.8785094811112745	0.8785094811112745	0.8707639665808647	0.8719590596267339	0.8785094811112745
