maf	map	mar	mif	mip	mir	avgf	avgp	avgr
0.7844073324196013	0.7852699187795826	0.7915246800521747	0.8939438483022196	0.8939438483022196	0.8939438483022196	0.894217569915577	0.897526986350538	0.8939438483022196
