maf	map	mar	mif	mip	mir	avgf	avgp	avgr
0.7682774590739743	0.7936146827186062	0.7464261019626693	0.8912244597971484	0.8912244597971484	0.8912244597971484	0.888263404341493	0.8875666342956544	0.8912244597971484
