maf	map	mar	mif	mip	mir	avgf	avgp	avgr
0.5544250391530935	0.5827754617759289	0.5351129416640763	0.8488901955019844	0.8488901955019844	0.8488901955019844	0.833497300189424	0.826022549124137	0.8488901955019844
