maf	map	mar	mif	mip	mir	avgf	avgp	avgr
0.5263391981523262	0.5493410930619401	0.5104585172078178	0.8214758194914008	0.8214758194914008	0.8214758194914008	0.805727496665076	0.7963616449986457	0.8214758194914008
