maf	map	mar	mif	mip	mir	avgf	avgp	avgr
0.7421499807148192	0.7813823640998678	0.7128960370282943	0.8810818756430986	0.8810818756430986	0.8810818756430986	0.8772205253228488	0.8775578112296136	0.8810818756430986
