maf	map	mar	mif	mip	mir	avgf	avgp	avgr
0.761336448532021	0.794481800965888	0.7346128893292252	0.8860796707334999	0.8860796707334999	0.8860796707334999	0.8821485430295382	0.8821985813564117	0.8860796707334999
