maf	map	mar	mif	mip	mir	avgf	avgp	avgr
0.7911434854698324	0.784313169647713	0.8058887142686995	0.8969572247537853	0.8969572247537851	0.8969572247537851	0.8971458671341274	0.899064886097382	0.8969572247537851
