maf	map	mar	mif	mip	mir	avgf	avgp	avgr
0.7644794161880573	0.8048693135562254	0.7317154326199874	0.8890195501984418	0.8890195501984418	0.8890195501984418	0.8849239524849541	0.8849692183438268	0.8890195501984418
