maf	map	mar	mif	mip	mir	avgf	avgp	avgr
0.6531334920049058	0.8113643013008549	0.6110719703066603	0.87696604439218	0.87696604439218	0.87696604439218	0.8678947347676637	0.8704094763476159	0.87696604439218
